proposal_id,case_id,person_id,action_type,dest_row,field,current_value,proposed_value,certainty,derivation,evidence,status,human_value,human_comment
PR-C-1545850-S3-D0-__assignment__,C-1545850-S3-D0-__assignment__,1545850,CREER_AFFECTATION,,personId,,1545850,CERTAIN,Matricule (clé d'appariement),"Employe_Source_Anonymise_VF.xlsx ligne 3 ; Mapping.xlsx › Mapping, lignes 41-45 (type d'affectation)",PROPOSE,,
PR-C-1545850-S3-D0-__assignment__,C-1545850-S3-D0-__assignment__,1545850,CREER_AFFECTATION,,givenName,,Pre1545850,CERTAIN,R_DIRECT : copie directe de PrénomUsuel,"Employe_Source_Anonymise_VF.xlsx ligne 3 ; Mapping.xlsx › Mapping, lignes 41-45 (type d'affectation)",PROPOSE,,
PR-C-1545850-S3-D0-__assignment__,C-1545850-S3-D0-__assignment__,1545850,CREER_AFFECTATION,,surname,,Nom1545850,CERTAIN,R_DIRECT : copie directe de NomFamille,"Employe_Source_Anonymise_VF.xlsx ligne 3 ; Mapping.xlsx › Mapping, lignes 41-45 (type d'affectation)",PROPOSE,,
PR-C-1545850-S3-D0-__assignment__,C-1545850-S3-D0-__assignment__,1545850,CREER_AFFECTATION,,contactEmail,,dev-08-v2_PNom1545850850@loto-quebec.com,DERIVE,R_EMAIL : initiale 'P' + nom 'Nom1545850' + '850' + '@loto-quebec.com' (accents retirés) ; la ligne destination existante ('dev-08-v2_PNom10370370@loto-quebec.com') est elle-même en ANOMALIE : non reprise ; préfixe d'environnement 'dev-08-v2_' (autorisé) conservé,"Employe_Source_Anonymise_VF.xlsx ligne 3 ; Mapping.xlsx › Mapping, lignes 41-45 (type d'affectation)",PROPOSE,,
PR-C-1545850-S3-D0-__assignment__,C-1545850-S3-D0-__assignment__,1545850,CREER_AFFECTATION,,activityStatus,,ACTIVE,INFERE,champ non couvert par le mapping ; valeur constante sur toutes les lignes destination,"Employe_Source_Anonymise_VF.xlsx ligne 3 ; Mapping.xlsx › Mapping, lignes 41-45 (type d'affectation)",PROPOSE,,
PR-C-1545850-S3-D0-__assignment__,C-1545850-S3-D0-__assignment__,1545850,CREER_AFFECTATION,,onboardDate,,1995-02-09,CERTAIN,R_DIRECT : copie directe de DateEmbaucheRécente,"Employe_Source_Anonymise_VF.xlsx ligne 3 ; Mapping.xlsx › Mapping, lignes 41-45 (type d'affectation)",PROPOSE,,
PR-C-1545850-S3-D0-__assignment__,C-1545850-S3-D0-__assignment__,1545850,CREER_AFFECTATION,,customAttribute_01,,,INFERE,champ non couvert par le mapping ; toujours vide dans l'extraction destination,"Employe_Source_Anonymise_VF.xlsx ligne 3 ; Mapping.xlsx › Mapping, lignes 41-45 (type d'affectation)",PROPOSE,,
PR-C-1545850-S3-D0-__assignment__,C-1545850-S3-D0-__assignment__,1545850,CREER_AFFECTATION,,customAttribute_02,,,INFERE,champ non couvert par le mapping ; toujours vide dans l'extraction destination,"Employe_Source_Anonymise_VF.xlsx ligne 3 ; Mapping.xlsx › Mapping, lignes 41-45 (type d'affectation)",PROPOSE,,
PR-C-1545850-S3-D0-__assignment__,C-1545850-S3-D0-__assignment__,1545850,CREER_AFFECTATION,,customAttribute_03,,,INFERE,champ non couvert par le mapping ; toujours vide dans l'extraction destination,"Employe_Source_Anonymise_VF.xlsx ligne 3 ; Mapping.xlsx › Mapping, lignes 41-45 (type d'affectation)",PROPOSE,,
PR-C-1545850-S3-D0-__assignment__,C-1545850-S3-D0-__assignment__,1545850,CREER_AFFECTATION,,customAttribute_04,,,INFERE,champ non couvert par le mapping ; toujours vide dans l'extraction destination,"Employe_Source_Anonymise_VF.xlsx ligne 3 ; Mapping.xlsx › Mapping, lignes 41-45 (type d'affectation)",PROPOSE,,
PR-C-1545850-S3-D0-__assignment__,C-1545850-S3-D0-__assignment__,1545850,CREER_AFFECTATION,,customAttribute_05,,,INFERE,champ non couvert par le mapping ; toujours vide dans l'extraction destination,"Employe_Source_Anonymise_VF.xlsx ligne 3 ; Mapping.xlsx › Mapping, lignes 41-45 (type d'affectation)",PROPOSE,,
PR-C-1545850-S3-D0-__assignment__,C-1545850-S3-D0-__assignment__,1545850,CREER_AFFECTATION,,customAttribute_06,,,INFERE,champ non couvert par le mapping ; toujours vide dans l'extraction destination,"Employe_Source_Anonymise_VF.xlsx ligne 3 ; Mapping.xlsx › Mapping, lignes 41-45 (type d'affectation)",PROPOSE,,
PR-C-1545850-S3-D0-__assignment__,C-1545850-S3-D0-__assignment__,1545850,CREER_AFFECTATION,,customAttribute_07,,,INFERE,champ non couvert par le mapping ; toujours vide dans l'extraction destination,"Employe_Source_Anonymise_VF.xlsx ligne 3 ; Mapping.xlsx › Mapping, lignes 41-45 (type d'affectation)",PROPOSE,,
PR-C-1545850-S3-D0-__assignment__,C-1545850-S3-D0-__assignment__,1545850,CREER_AFFECTATION,,customAttribute_08,,,INFERE,champ non couvert par le mapping ; toujours vide dans l'extraction destination,"Employe_Source_Anonymise_VF.xlsx ligne 3 ; Mapping.xlsx › Mapping, lignes 41-45 (type d'affectation)",PROPOSE,,
PR-C-1545850-S3-D0-__assignment__,C-1545850-S3-D0-__assignment__,1545850,CREER_AFFECTATION,,customAttribute_09,,,INFERE,champ non couvert par le mapping ; toujours vide dans l'extraction destination,"Employe_Source_Anonymise_VF.xlsx ligne 3 ; Mapping.xlsx › Mapping, lignes 41-45 (type d'affectation)",PROPOSE,,
PR-C-1545850-S3-D0-__assignment__,C-1545850-S3-D0-__assignment__,1545850,CREER_AFFECTATION,,customAttribute_10,,,INFERE,champ non couvert par le mapping ; toujours vide dans l'extraction destination,"Employe_Source_Anonymise_VF.xlsx ligne 3 ; Mapping.xlsx › Mapping, lignes 41-45 (type d'affectation)",PROPOSE,,
PR-C-1545850-S3-D0-__assignment__,C-1545850-S3-D0-__assignment__,1545850,CREER_AFFECTATION,,customAttribute_11,,,INFERE,champ non couvert par le mapping ; toujours vide dans l'extraction destination,"Employe_Source_Anonymise_VF.xlsx ligne 3 ; Mapping.xlsx › Mapping, lignes 41-45 (type d'affectation)",PROPOSE,,
PR-C-1545850-S3-D0-__assignment__,C-1545850-S3-D0-__assignment__,1545850,CREER_AFFECTATION,,customAttribute_12,,false,INFERE,champ non couvert par le mapping ; valeur constante sur toutes les lignes destination,"Employe_Source_Anonymise_VF.xlsx ligne 3 ; Mapping.xlsx › Mapping, lignes 41-45 (type d'affectation)",PROPOSE,,
PR-C-1545850-S3-D0-__assignment__,C-1545850-S3-D0-__assignment__,1545850,CREER_AFFECTATION,,statusReasonCode,,,DERIVE,"R_SITUATION_EMPLOI : situation 'Actif' (codes d'accès [0, 1], ligne 2) → cf_CAD = null","Employe_Source_Anonymise_VF.xlsx ligne 3 ; Mapping.xlsx › Mapping, lignes 41-45 (type d'affectation)",PROPOSE,,
PR-C-1545850-S3-D0-__assignment__,C-1545850-S3-D0-__assignment__,1545850,CREER_AFFECTATION,,expectedReturnDate,,,DERIVE,"R_SITUATION_EMPLOI : situation 'Actif' (codes d'accès [0, 1], ligne 2) → cf_CADP = null","Employe_Source_Anonymise_VF.xlsx ligne 3 ; Mapping.xlsx › Mapping, lignes 41-45 (type d'affectation)",PROPOSE,,
PR-C-1545850-S3-D0-__assignment__,C-1545850-S3-D0-__assignment__,1545850,CREER_AFFECTATION,,customAttribute_13,,,INFERE,champ non couvert par le mapping ; toujours vide dans l'extraction destination,"Employe_Source_Anonymise_VF.xlsx ligne 3 ; Mapping.xlsx › Mapping, lignes 41-45 (type d'affectation)",PROPOSE,,
PR-C-1545850-S3-D0-__assignment__,C-1545850-S3-D0-__assignment__,1545850,CREER_AFFECTATION,,customAttribute_14,,,INFERE,champ non couvert par le mapping ; toujours vide dans l'extraction destination,"Employe_Source_Anonymise_VF.xlsx ligne 3 ; Mapping.xlsx › Mapping, lignes 41-45 (type d'affectation)",PROPOSE,,
PR-C-1545850-S3-D0-__assignment__,C-1545850-S3-D0-__assignment__,1545850,CREER_AFFECTATION,,customAttribute_15,,,INFERE,champ non couvert par le mapping ; copié de la ligne destination existante (constante par personne (observé sur 1 personne(s) multi-affectations)),"Employe_Source_Anonymise_VF.xlsx ligne 3 ; Mapping.xlsx › Mapping, lignes 41-45 (type d'affectation)",PROPOSE,,
PR-C-1545850-S3-D0-__assignment__,C-1545850-S3-D0-__assignment__,1545850,CREER_AFFECTATION,,customAttribute_16,,,INFERE,champ non couvert par le mapping ; toujours vide dans l'extraction destination,"Employe_Source_Anonymise_VF.xlsx ligne 3 ; Mapping.xlsx › Mapping, lignes 41-45 (type d'affectation)",PROPOSE,,
PR-C-1545850-S3-D0-__assignment__,C-1545850-S3-D0-__assignment__,1545850,CREER_AFFECTATION,,customAttribute_17,,,INFERE,champ non couvert par le mapping ; toujours vide dans l'extraction destination,"Employe_Source_Anonymise_VF.xlsx ligne 3 ; Mapping.xlsx › Mapping, lignes 41-45 (type d'affectation)",PROPOSE,,
PR-C-1545850-S3-D0-__assignment__,C-1545850-S3-D0-__assignment__,1545850,CREER_AFFECTATION,,customAttribute_18,,,INFERE,champ non couvert par le mapping ; toujours vide dans l'extraction destination,"Employe_Source_Anonymise_VF.xlsx ligne 3 ; Mapping.xlsx › Mapping, lignes 41-45 (type d'affectation)",PROPOSE,,
PR-C-1545850-S3-D0-__assignment__,C-1545850-S3-D0-__assignment__,1545850,CREER_AFFECTATION,,customAttribute_19,,,INFERE,champ non couvert par le mapping ; toujours vide dans l'extraction destination,"Employe_Source_Anonymise_VF.xlsx ligne 3 ; Mapping.xlsx › Mapping, lignes 41-45 (type d'affectation)",PROPOSE,,
PR-C-1545850-S3-D0-__assignment__,C-1545850-S3-D0-__assignment__,1545850,CREER_AFFECTATION,,customAttribute_20,,,INFERE,champ non couvert par le mapping ; toujours vide dans l'extraction destination,"Employe_Source_Anonymise_VF.xlsx ligne 3 ; Mapping.xlsx › Mapping, lignes 41-45 (type d'affectation)",PROPOSE,,
PR-C-1545850-S3-D0-__assignment__,C-1545850-S3-D0-__assignment__,1545850,CREER_AFFECTATION,,customAttribute_21,,,INFERE,champ non couvert par le mapping ; toujours vide dans l'extraction destination,"Employe_Source_Anonymise_VF.xlsx ligne 3 ; Mapping.xlsx › Mapping, lignes 41-45 (type d'affectation)",PROPOSE,,
PR-C-1545850-S3-D0-__assignment__,C-1545850-S3-D0-__assignment__,1545850,CREER_AFFECTATION,,customAttribute_22,,,INFERE,champ non couvert par le mapping ; toujours vide dans l'extraction destination,"Employe_Source_Anonymise_VF.xlsx ligne 3 ; Mapping.xlsx › Mapping, lignes 41-45 (type d'affectation)",PROPOSE,,
PR-C-1545850-S3-D0-__assignment__,C-1545850-S3-D0-__assignment__,1545850,CREER_AFFECTATION,,customAttribute_23,,,INFERE,champ non couvert par le mapping ; toujours vide dans l'extraction destination,"Employe_Source_Anonymise_VF.xlsx ligne 3 ; Mapping.xlsx › Mapping, lignes 41-45 (type d'affectation)",PROPOSE,,
PR-C-1545850-S3-D0-__assignment__,C-1545850-S3-D0-__assignment__,1545850,CREER_AFFECTATION,,customAttribute_24,,,INFERE,champ non couvert par le mapping ; toujours vide dans l'extraction destination,"Employe_Source_Anonymise_VF.xlsx ligne 3 ; Mapping.xlsx › Mapping, lignes 41-45 (type d'affectation)",PROPOSE,,
PR-C-1545850-S3-D0-__assignment__,C-1545850-S3-D0-__assignment__,1545850,CREER_AFFECTATION,,customAttribute_25,,,INFERE,champ non couvert par le mapping ; toujours vide dans l'extraction destination,"Employe_Source_Anonymise_VF.xlsx ligne 3 ; Mapping.xlsx › Mapping, lignes 41-45 (type d'affectation)",PROPOSE,,
PR-C-1545850-S3-D0-__assignment__,C-1545850-S3-D0-__assignment__,1545850,CREER_AFFECTATION,,customAttribute_26,,,INFERE,champ non couvert par le mapping ; toujours vide dans l'extraction destination,"Employe_Source_Anonymise_VF.xlsx ligne 3 ; Mapping.xlsx › Mapping, lignes 41-45 (type d'affectation)",PROPOSE,,
PR-C-1545850-S3-D0-__assignment__,C-1545850-S3-D0-__assignment__,1545850,CREER_AFFECTATION,,customAttribute_27,,,INFERE,champ non couvert par le mapping ; toujours vide dans l'extraction destination,"Employe_Source_Anonymise_VF.xlsx ligne 3 ; Mapping.xlsx › Mapping, lignes 41-45 (type d'affectation)",PROPOSE,,
PR-C-1545850-S3-D0-__assignment__,C-1545850-S3-D0-__assignment__,1545850,CREER_AFFECTATION,,customAttribute_28,,,INFERE,champ non couvert par le mapping ; toujours vide dans l'extraction destination,"Employe_Source_Anonymise_VF.xlsx ligne 3 ; Mapping.xlsx › Mapping, lignes 41-45 (type d'affectation)",PROPOSE,,
PR-C-1545850-S3-D0-__assignment__,C-1545850-S3-D0-__assignment__,1545850,CREER_AFFECTATION,,customAttribute_29,,,INFERE,champ non couvert par le mapping ; toujours vide dans l'extraction destination,"Employe_Source_Anonymise_VF.xlsx ligne 3 ; Mapping.xlsx › Mapping, lignes 41-45 (type d'affectation)",PROPOSE,,
PR-C-1545850-S3-D0-__assignment__,C-1545850-S3-D0-__assignment__,1545850,CREER_AFFECTATION,,customAttribute_30,,,INFERE,champ non couvert par le mapping ; toujours vide dans l'extraction destination,"Employe_Source_Anonymise_VF.xlsx ligne 3 ; Mapping.xlsx › Mapping, lignes 41-45 (type d'affectation)",PROPOSE,,
PR-C-1545850-S3-D0-__assignment__,C-1545850-S3-D0-__assignment__,1545850,CREER_AFFECTATION,,customAttribute_31,,,INFERE,champ non couvert par le mapping ; toujours vide dans l'extraction destination,"Employe_Source_Anonymise_VF.xlsx ligne 3 ; Mapping.xlsx › Mapping, lignes 41-45 (type d'affectation)",PROPOSE,,
PR-C-1545850-S3-D0-__assignment__,C-1545850-S3-D0-__assignment__,1545850,CREER_AFFECTATION,,customAttribute_32,,,INFERE,champ non couvert par le mapping ; toujours vide dans l'extraction destination,"Employe_Source_Anonymise_VF.xlsx ligne 3 ; Mapping.xlsx › Mapping, lignes 41-45 (type d'affectation)",PROPOSE,,
PR-C-1545850-S3-D0-__assignment__,C-1545850-S3-D0-__assignment__,1545850,CREER_AFFECTATION,,customAttribute_33,,,INFERE,champ non couvert par le mapping ; toujours vide dans l'extraction destination,"Employe_Source_Anonymise_VF.xlsx ligne 3 ; Mapping.xlsx › Mapping, lignes 41-45 (type d'affectation)",PROPOSE,,
PR-C-1545850-S3-D0-__assignment__,C-1545850-S3-D0-__assignment__,1545850,CREER_AFFECTATION,,customAttribute_34,,,INFERE,champ non couvert par le mapping ; toujours vide dans l'extraction destination,"Employe_Source_Anonymise_VF.xlsx ligne 3 ; Mapping.xlsx › Mapping, lignes 41-45 (type d'affectation)",PROPOSE,,
PR-C-1545850-S3-D0-__assignment__,C-1545850-S3-D0-__assignment__,1545850,CREER_AFFECTATION,,customAttribute_35,,,INFERE,champ non couvert par le mapping ; toujours vide dans l'extraction destination,"Employe_Source_Anonymise_VF.xlsx ligne 3 ; Mapping.xlsx › Mapping, lignes 41-45 (type d'affectation)",PROPOSE,,
PR-C-1545850-S3-D0-__assignment__,C-1545850-S3-D0-__assignment__,1545850,CREER_AFFECTATION,,customAttribute_36,,,INFERE,champ non couvert par le mapping ; toujours vide dans l'extraction destination,"Employe_Source_Anonymise_VF.xlsx ligne 3 ; Mapping.xlsx › Mapping, lignes 41-45 (type d'affectation)",PROPOSE,,
PR-C-1545850-S3-D0-__assignment__,C-1545850-S3-D0-__assignment__,1545850,CREER_AFFECTATION,,customAttribute_37,,,INFERE,champ non couvert par le mapping ; toujours vide dans l'extraction destination,"Employe_Source_Anonymise_VF.xlsx ligne 3 ; Mapping.xlsx › Mapping, lignes 41-45 (type d'affectation)",PROPOSE,,
PR-C-1545850-S3-D0-__assignment__,C-1545850-S3-D0-__assignment__,1545850,CREER_AFFECTATION,,customAttribute_38,,,INFERE,champ non couvert par le mapping ; toujours vide dans l'extraction destination,"Employe_Source_Anonymise_VF.xlsx ligne 3 ; Mapping.xlsx › Mapping, lignes 41-45 (type d'affectation)",PROPOSE,,
PR-C-1545850-S3-D0-__assignment__,C-1545850-S3-D0-__assignment__,1545850,CREER_AFFECTATION,,customAttribute_39,,,INFERE,champ non couvert par le mapping ; toujours vide dans l'extraction destination,"Employe_Source_Anonymise_VF.xlsx ligne 3 ; Mapping.xlsx › Mapping, lignes 41-45 (type d'affectation)",PROPOSE,,
PR-C-1545850-S3-D0-__assignment__,C-1545850-S3-D0-__assignment__,1545850,CREER_AFFECTATION,,customAttribute_40,,,INFERE,champ non couvert par le mapping ; toujours vide dans l'extraction destination,"Employe_Source_Anonymise_VF.xlsx ligne 3 ; Mapping.xlsx › Mapping, lignes 41-45 (type d'affectation)",PROPOSE,,
PR-C-1545850-S3-D0-__assignment__,C-1545850-S3-D0-__assignment__,1545850,CREER_AFFECTATION,,customAttribute_41,,,INFERE,champ non couvert par le mapping ; toujours vide dans l'extraction destination,"Employe_Source_Anonymise_VF.xlsx ligne 3 ; Mapping.xlsx › Mapping, lignes 41-45 (type d'affectation)",PROPOSE,,
PR-C-1545850-S3-D0-__assignment__,C-1545850-S3-D0-__assignment__,1545850,CREER_AFFECTATION,,contractTypeCode,,JWN,DERIVE,"R_CONTRACT_TYPE : ligne de règle appliquée : SI PERM_IND=1 et FT_IND=1 et EMPTP_CD=""V"" --> Mettre ""JWN""","Employe_Source_Anonymise_VF.xlsx ligne 3 ; Mapping.xlsx › Mapping, lignes 41-45 (type d'affectation)",PROPOSE,,
PR-C-1545850-S3-D0-__assignment__,C-1545850-S3-D0-__assignment__,1545850,CREER_AFFECTATION,,customAttribute_42,,,INFERE,champ non couvert par le mapping ; toujours vide dans l'extraction destination,"Employe_Source_Anonymise_VF.xlsx ligne 3 ; Mapping.xlsx › Mapping, lignes 41-45 (type d'affectation)",PROPOSE,,
PR-C-1545850-S3-D0-__assignment__,C-1545850-S3-D0-__assignment__,1545850,CREER_AFFECTATION,,customAttribute_43,,,INFERE,champ non couvert par le mapping ; toujours vide dans l'extraction destination,"Employe_Source_Anonymise_VF.xlsx ligne 3 ; Mapping.xlsx › Mapping, lignes 41-45 (type d'affectation)",PROPOSE,,
PR-C-1545850-S3-D0-__assignment__,C-1545850-S3-D0-__assignment__,1545850,CREER_AFFECTATION,,customAttribute_44,,,INFERE,champ non couvert par le mapping ; toujours vide dans l'extraction destination,"Employe_Source_Anonymise_VF.xlsx ligne 3 ; Mapping.xlsx › Mapping, lignes 41-45 (type d'affectation)",PROPOSE,,
PR-C-1545850-S3-D0-__assignment__,C-1545850-S3-D0-__assignment__,1545850,CREER_AFFECTATION,,customAttribute_45,,999-999-9999,INFERE,champ non couvert par le mapping ; valeur constante sur toutes les lignes destination,"Employe_Source_Anonymise_VF.xlsx ligne 3 ; Mapping.xlsx › Mapping, lignes 41-45 (type d'affectation)",PROPOSE,,
PR-C-1545850-S3-D0-__assignment__,C-1545850-S3-D0-__assignment__,1545850,CREER_AFFECTATION,,customAttribute_46,,,INFERE,champ non couvert par le mapping ; toujours vide dans l'extraction destination,"Employe_Source_Anonymise_VF.xlsx ligne 3 ; Mapping.xlsx › Mapping, lignes 41-45 (type d'affectation)",PROPOSE,,
PR-C-1545850-S3-D0-__assignment__,C-1545850-S3-D0-__assignment__,1545850,CREER_AFFECTATION,,customAttribute_47,,,INFERE,champ non couvert par le mapping ; toujours vide dans l'extraction destination,"Employe_Source_Anonymise_VF.xlsx ligne 3 ; Mapping.xlsx › Mapping, lignes 41-45 (type d'affectation)",PROPOSE,,
PR-C-1545850-S3-D0-__assignment__,C-1545850-S3-D0-__assignment__,1545850,CREER_AFFECTATION,,customAttribute_48,,000-000-0000,INFERE,champ non couvert par le mapping ; valeur constante sur toutes les lignes destination,"Employe_Source_Anonymise_VF.xlsx ligne 3 ; Mapping.xlsx › Mapping, lignes 41-45 (type d'affectation)",PROPOSE,,
PR-C-1545850-S3-D0-__assignment__,C-1545850-S3-D0-__assignment__,1545850,CREER_AFFECTATION,,detailedStatus,,Actif,DERIVE,"R_SITUATION_EMPLOI : situation 'Actif' (codes d'accès [0, 1], ligne 2)","Employe_Source_Anonymise_VF.xlsx ligne 3 ; Mapping.xlsx › Mapping, lignes 41-45 (type d'affectation)",PROPOSE,,
PR-C-1545850-S3-D0-__assignment__,C-1545850-S3-D0-__assignment__,1545850,CREER_AFFECTATION,,siteId,,48,INFERE,champ non couvert par le mapping ; observé égal à siteCode sur 100% des lignes destination,"Employe_Source_Anonymise_VF.xlsx ligne 3 ; Mapping.xlsx › Mapping, lignes 41-45 (type d'affectation)",PROPOSE,,
PR-C-1545850-S3-D0-__assignment__,C-1545850-S3-D0-__assignment__,1545850,CREER_AFFECTATION,,siteCode,,48,CERTAIN,R_DIRECT : copie directe de CodeSite,"Employe_Source_Anonymise_VF.xlsx ligne 3 ; Mapping.xlsx › Mapping, lignes 41-45 (type d'affectation)",PROPOSE,,
PR-C-1545850-S3-D0-__assignment__,C-1545850-S3-D0-__assignment__,1545850,CREER_AFFECTATION,,siteName,,Emplacement48,CERTAIN,R_DIRECT : copie directe de LibelléSite,"Employe_Source_Anonymise_VF.xlsx ligne 3 ; Mapping.xlsx › Mapping, lignes 41-45 (type d'affectation)",PROPOSE,,
PR-C-1545850-S3-D0-__assignment__,C-1545850-S3-D0-__assignment__,1545850,CREER_AFFECTATION,,divisionId,,397,CERTAIN,R_DIRECT : copie directe de CodeDirection,"Employe_Source_Anonymise_VF.xlsx ligne 3 ; Mapping.xlsx › Mapping, lignes 41-45 (type d'affectation)",PROPOSE,,
PR-C-1545850-S3-D0-__assignment__,C-1545850-S3-D0-__assignment__,1545850,CREER_AFFECTATION,,divisionCode,,2815,CERTAIN,R_DIRECT : copie directe de CodeImputation,"Employe_Source_Anonymise_VF.xlsx ligne 3 ; Mapping.xlsx › Mapping, lignes 41-45 (type d'affectation)",PROPOSE,,
PR-C-1545850-S3-D0-__assignment__,C-1545850-S3-D0-__assignment__,1545850,CREER_AFFECTATION,,divisionName,,00397-UnitAdmin00397,DERIVE,R_CONCAT_DIVISION : CodeDirection + '-' + LibelléDirection ; code complété à 5 chiffres (format observé dans la destination),"Employe_Source_Anonymise_VF.xlsx ligne 3 ; Mapping.xlsx › Mapping, lignes 41-45 (type d'affectation)",PROPOSE,,
PR-C-1545850-S3-D0-__assignment__,C-1545850-S3-D0-__assignment__,1545850,CREER_AFFECTATION,,positionId,,6585,CERTAIN,R_DIRECT : copie directe de CodeEmploi,"Employe_Source_Anonymise_VF.xlsx ligne 3 ; Mapping.xlsx › Mapping, lignes 41-45 (type d'affectation)",PROPOSE,,
PR-C-1545850-S3-D0-__assignment__,C-1545850-S3-D0-__assignment__,1545850,CREER_AFFECTATION,,positionCode,,6585,CERTAIN,R_DIRECT : copie directe de CodeEmploi,"Employe_Source_Anonymise_VF.xlsx ligne 3 ; Mapping.xlsx › Mapping, lignes 41-45 (type d'affectation)",PROPOSE,,
PR-C-1545850-S3-D0-__assignment__,C-1545850-S3-D0-__assignment__,1545850,CREER_AFFECTATION,,positionName,,6585-Empl6585,DERIVE,R_CONCAT_POSITION : CodeEmploi + '-' + IntituléEmploi,"Employe_Source_Anonymise_VF.xlsx ligne 3 ; Mapping.xlsx › Mapping, lignes 41-45 (type d'affectation)",PROPOSE,,
PR-C-1545850-S3-D0-__assignment__,C-1545850-S3-D0-__assignment__,1545850,CREER_AFFECTATION,,assignmentStartDate,,2025-09-22,DERIVE,"R_ASSIGNMENT_START : MAX(DateEntréePoste 2025-09-22, date d'effet du détail du poste courant 1973-10-09) = 2025-09-22 → date d'effet du poste (source) [enregistrement unique du poste]","Employe_Source_Anonymise_VF.xlsx ligne 3 ; Mapping.xlsx › Mapping, lignes 41-45 (type d'affectation)",PROPOSE,,
PR-C-1545850-S3-D0-__assignment__,C-1545850-S3-D0-__assignment__,1545850,CREER_AFFECTATION,,assignmentEndDate,,,DERIVE,"R_ASSIGNMENT_END : MIN(DateSortiePoste=NULL, fin unité adm.=NULL) = NULL","Employe_Source_Anonymise_VF.xlsx ligne 3 ; Mapping.xlsx › Mapping, lignes 41-45 (type d'affectation)",PROPOSE,,
PR-C-1545850-S3-D0-__assignment__,C-1545850-S3-D0-__assignment__,1545850,CREER_AFFECTATION,,payGradeId,,260,CERTAIN,R_DIRECT : copie directe de ÉchelleSalariale,"Employe_Source_Anonymise_VF.xlsx ligne 3 ; Mapping.xlsx › Mapping, lignes 41-45 (type d'affectation)",PROPOSE,,
PR-C-1545850-S3-D0-__assignment__,C-1545850-S3-D0-__assignment__,1545850,CREER_AFFECTATION,,isPrimaryAssignment,,false,DERIVE,"R_ASSIGNMENT_TYPE : Type aff = A → primaire=false, temporaire=true","Employe_Source_Anonymise_VF.xlsx ligne 3 ; Mapping.xlsx › Mapping, lignes 41-45 (type d'affectation)",PROPOSE,,
PR-C-1545850-S3-D0-__assignment__,C-1545850-S3-D0-__assignment__,1545850,CREER_AFFECTATION,,isTemporaryAssignment,,true,DERIVE,"R_ASSIGNMENT_TYPE : Type aff = A → primaire=false, temporaire=true","Employe_Source_Anonymise_VF.xlsx ligne 3 ; Mapping.xlsx › Mapping, lignes 41-45 (type d'affectation)",PROPOSE,,
PR-C-1545850-S3-D0-__assignment__,C-1545850-S3-D0-__assignment__,1545850,CREER_AFFECTATION,,termStartDate,,2025-09-22,INFERE,champ non couvert par le mapping ; observé égal à assignmentStartDate sur 100% des lignes destination,"Employe_Source_Anonymise_VF.xlsx ligne 3 ; Mapping.xlsx › Mapping, lignes 41-45 (type d'affectation)",PROPOSE,,
PR-C-1545850-S3-D0-__assignment__,C-1545850-S3-D0-__assignment__,1545850,CREER_AFFECTATION,,termEndDate,,,DERIVE,"R_ASSIGNMENT_END : MIN(DateSortiePoste=NULL, fin unité adm.=NULL) = NULL","Employe_Source_Anonymise_VF.xlsx ligne 3 ; Mapping.xlsx › Mapping, lignes 41-45 (type d'affectation)",PROPOSE,,
PR-C-1545850-S3-D0-__assignment__,C-1545850-S3-D0-__assignment__,1545850,CREER_AFFECTATION,,wageOverrideAmount,,,INFERE,champ non couvert par le mapping ; toujours vide dans l'extraction destination,"Employe_Source_Anonymise_VF.xlsx ligne 3 ; Mapping.xlsx › Mapping, lignes 41-45 (type d'affectation)",PROPOSE,,
PR-C-1545850-S3-D0-__assignment__,C-1545850-S3-D0-__assignment__,1545850,CREER_AFFECTATION,,wageMultiplierFactor,,,INFERE,champ non couvert par le mapping ; toujours vide dans l'extraction destination,"Employe_Source_Anonymise_VF.xlsx ligne 3 ; Mapping.xlsx › Mapping, lignes 41-45 (type d'affectation)",PROPOSE,,
PR-C-1545850-S3-D0-__assignment__,C-1545850-S3-D0-__assignment__,1545850,CREER_AFFECTATION,,weeklyHoursOverride,,40,CERTAIN,R_DIRECT : copie directe de HeuresNormeHebdo,"Employe_Source_Anonymise_VF.xlsx ligne 3 ; Mapping.xlsx › Mapping, lignes 41-45 (type d'affectation)",PROPOSE,,
PR-C-1545850-S3-D0-__assignment__,C-1545850-S3-D0-__assignment__,1545850,CREER_AFFECTATION,,dailyHoursOverride,,8,CERTAIN,R_DIRECT : copie directe de HeuresNormeQuotidienne,"Employe_Source_Anonymise_VF.xlsx ligne 3 ; Mapping.xlsx › Mapping, lignes 41-45 (type d'affectation)",PROPOSE,,
PR-C-1545850-S3-D0-__assignment__,C-1545850-S3-D0-__assignment__,1545850,CREER_AFFECTATION,,externalReferenceId,,,INFERE,champ non couvert par le mapping ; toujours vide dans l'extraction destination,"Employe_Source_Anonymise_VF.xlsx ligne 3 ; Mapping.xlsx › Mapping, lignes 41-45 (type d'affectation)",PROPOSE,,
PR-C-1545850-S2-D2-contactEmail,C-1545850-S2-D2-contactEmail,1545850,CORRIGER_CHAMP,2.0,contactEmail,dev-08-v2_PNom10370370@loto-quebec.com,dev-08-v2_PNom1545850850@loto-quebec.com,DERIVE,"R_EMAIL — Niveau 2 : R_EMAIL [Mapping.xlsx › Mapping, lignes 4-6] attend 'PNom1545850850@loto-quebec.com' (initiale 'P' + nom 'Nom1545850' + '850' + '@loto-quebec.com' (accents retirés)) ; la destination contient 'dev-08-v2_PNom10370370@loto-quebec.com' (structure conforme à la règle (initiale + nom + 3 derniers chiffres du code), mais l'identifiant 'nom10370' ne correspond pas au Matricule/personID (attendu 'nom1545850') ; préfixe 'dev-08-v2_' ignoré ; profil caractéristique d'un artefact d'anonymisation). Aucune règle documentée n'explique l'écart.","Employe_Source_Anonymise_VF.xlsx ligne 2 ; Employe_Destination_Anonymise_VF.xlsx ligne 2 ; Mapping.xlsx › Mapping, lignes 4-6",PROPOSE,,
PR-C-1545850-S2-D2-positionName,C-1545850-S2-D2-positionName,1545850,CORRIGER_CHAMP,2.0,positionName,3649-Empl3649,6585-Empl6585,DERIVE,"R_CONCAT_POSITION — Niveau 2 : R_CONCAT_POSITION [Mapping.xlsx › Mapping, ligne 15] attend '6585-Empl6585' (CodeEmploi + '-' + IntituléEmploi) ; la destination contient '3649-Empl3649' (code et libellé différent(s) de la concaténation attendue). Aucune règle documentée n'explique l'écart.","Employe_Source_Anonymise_VF.xlsx ligne 2 ; Employe_Destination_Anonymise_VF.xlsx ligne 2 ; Mapping.xlsx › Mapping, ligne 15",PROPOSE,,
PR-C-2173396-S15-D14-contactEmail,C-2173396-S15-D14-contactEmail,2173396,CORRIGER_CHAMP,14.0,contactEmail,dev-08-v2_PNom10437437@loto-quebec.com,dev-08-v2_PNom2173396396@loto-quebec.com,DERIVE,"R_EMAIL — Niveau 2 : R_EMAIL [Mapping.xlsx › Mapping, lignes 4-6] attend 'PNom2173396396@loto-quebec.com' (initiale 'P' + nom 'Nom2173396' + '396' + '@loto-quebec.com' (accents retirés)) ; la destination contient 'dev-08-v2_PNom10437437@loto-quebec.com' (structure conforme à la règle (initiale + nom + 3 derniers chiffres du code), mais l'identifiant 'nom10437' ne correspond pas au Matricule/personID (attendu 'nom2173396') ; préfixe 'dev-08-v2_' ignoré ; profil caractéristique d'un artefact d'anonymisation). Aucune règle documentée n'explique l'écart.","Employe_Source_Anonymise_VF.xlsx ligne 15 ; Employe_Destination_Anonymise_VF.xlsx ligne 14 ; Mapping.xlsx › Mapping, lignes 4-6",PROPOSE,,
PR-C-2173396-S15-D14-positionName,C-2173396-S15-D14-positionName,2173396,CORRIGER_CHAMP,14.0,positionName,5123-Empl5123,6900-Empl6900,DERIVE,"R_CONCAT_POSITION — Niveau 2 : R_CONCAT_POSITION [Mapping.xlsx › Mapping, ligne 15] attend '6900-Empl6900' (CodeEmploi + '-' + IntituléEmploi) ; la destination contient '5123-Empl5123' (code et libellé différent(s) de la concaténation attendue). Aucune règle documentée n'explique l'écart.","Employe_Source_Anonymise_VF.xlsx ligne 15 ; Employe_Destination_Anonymise_VF.xlsx ligne 14 ; Mapping.xlsx › Mapping, ligne 15",PROPOSE,,
PR-C-2648214-S20-D19-contactEmail,C-2648214-S20-D19-contactEmail,2648214,CORRIGER_CHAMP,19.0,contactEmail,dev-08-v2_PNom10470470@loto-quebec.com,dev-08-v2_PNom2648214214@loto-quebec.com,DERIVE,"R_EMAIL — Niveau 2 : R_EMAIL [Mapping.xlsx › Mapping, lignes 4-6] attend 'PNom2648214214@loto-quebec.com' (initiale 'P' + nom 'Nom2648214' + '214' + '@loto-quebec.com' (accents retirés)) ; la destination contient 'dev-08-v2_PNom10470470@loto-quebec.com' (structure conforme à la règle (initiale + nom + 3 derniers chiffres du code), mais l'identifiant 'nom10470' ne correspond pas au Matricule/personID (attendu 'nom2648214') ; préfixe 'dev-08-v2_' ignoré ; profil caractéristique d'un artefact d'anonymisation). Aucune règle documentée n'explique l'écart.","Employe_Source_Anonymise_VF.xlsx ligne 20 ; Employe_Destination_Anonymise_VF.xlsx ligne 19 ; Mapping.xlsx › Mapping, lignes 4-6",PROPOSE,,
PR-C-2648214-S20-D19-positionName,C-2648214-S20-D19-positionName,2648214,CORRIGER_CHAMP,19.0,positionName,5126-Empl5126,6972-Empl6972,DERIVE,"R_CONCAT_POSITION — Niveau 2 : R_CONCAT_POSITION [Mapping.xlsx › Mapping, ligne 15] attend '6972-Empl6972' (CodeEmploi + '-' + IntituléEmploi) ; la destination contient '5126-Empl5126' (code et libellé différent(s) de la concaténation attendue). Aucune règle documentée n'explique l'écart.","Employe_Source_Anonymise_VF.xlsx ligne 20 ; Employe_Destination_Anonymise_VF.xlsx ligne 19 ; Mapping.xlsx › Mapping, ligne 15",PROPOSE,,
PR-C-2747515-S10-D9-contactEmail,C-2747515-S10-D9-contactEmail,2747515,CORRIGER_CHAMP,9.0,contactEmail,dev-08-v2_PNom10402402@loto-quebec.com,dev-08-v2_PNom2747515515@loto-quebec.com,DERIVE,"R_EMAIL — Niveau 2 : R_EMAIL [Mapping.xlsx › Mapping, lignes 4-6] attend 'PNom2747515515@loto-quebec.com' (initiale 'P' + nom 'Nom2747515' + '515' + '@loto-quebec.com' (accents retirés)) ; la destination contient 'dev-08-v2_PNom10402402@loto-quebec.com' (structure conforme à la règle (initiale + nom + 3 derniers chiffres du code), mais l'identifiant 'nom10402' ne correspond pas au Matricule/personID (attendu 'nom2747515') ; préfixe 'dev-08-v2_' ignoré ; profil caractéristique d'un artefact d'anonymisation). Aucune règle documentée n'explique l'écart.","Employe_Source_Anonymise_VF.xlsx ligne 10 ; Employe_Destination_Anonymise_VF.xlsx ligne 9 ; Mapping.xlsx › Mapping, lignes 4-6",PROPOSE,,
PR-C-2747515-S10-D9-positionName,C-2747515-S10-D9-positionName,2747515,CORRIGER_CHAMP,9.0,positionName,4367-Empl4367,6203-Empl6203,DERIVE,"R_CONCAT_POSITION — Niveau 2 : R_CONCAT_POSITION [Mapping.xlsx › Mapping, ligne 15] attend '6203-Empl6203' (CodeEmploi + '-' + IntituléEmploi) ; la destination contient '4367-Empl4367' (code et libellé différent(s) de la concaténation attendue). Aucune règle documentée n'explique l'écart.","Employe_Source_Anonymise_VF.xlsx ligne 10 ; Employe_Destination_Anonymise_VF.xlsx ligne 9 ; Mapping.xlsx › Mapping, ligne 15",PROPOSE,,
PR-C-2762457-S8-D7-contactEmail,C-2762457-S8-D7-contactEmail,2762457,CORRIGER_CHAMP,7.0,contactEmail,dev-08-v2_PNom10398398@loto-quebec.com,dev-08-v2_PNom2762457457@loto-quebec.com,DERIVE,"R_EMAIL — Niveau 2 : R_EMAIL [Mapping.xlsx › Mapping, lignes 4-6] attend 'PNom2762457457@loto-quebec.com' (initiale 'P' + nom 'Nom2762457' + '457' + '@loto-quebec.com' (accents retirés)) ; la destination contient 'dev-08-v2_PNom10398398@loto-quebec.com' (structure conforme à la règle (initiale + nom + 3 derniers chiffres du code), mais l'identifiant 'nom10398' ne correspond pas au Matricule/personID (attendu 'nom2762457') ; préfixe 'dev-08-v2_' ignoré ; profil caractéristique d'un artefact d'anonymisation). Aucune règle documentée n'explique l'écart.","Employe_Source_Anonymise_VF.xlsx ligne 8 ; Employe_Destination_Anonymise_VF.xlsx ligne 7 ; Mapping.xlsx › Mapping, lignes 4-6",PROPOSE,,
PR-C-2762457-S8-D7-positionName,C-2762457-S8-D7-positionName,2762457,CORRIGER_CHAMP,7.0,positionName,4367-Empl4367,6203-Empl6203,DERIVE,"R_CONCAT_POSITION — Niveau 2 : R_CONCAT_POSITION [Mapping.xlsx › Mapping, ligne 15] attend '6203-Empl6203' (CodeEmploi + '-' + IntituléEmploi) ; la destination contient '4367-Empl4367' (code et libellé différent(s) de la concaténation attendue). Aucune règle documentée n'explique l'écart.","Employe_Source_Anonymise_VF.xlsx ligne 8 ; Employe_Destination_Anonymise_VF.xlsx ligne 7 ; Mapping.xlsx › Mapping, ligne 15",PROPOSE,,
PR-C-2762457-S8-D7-contractTypeCode,C-2762457-S8-D7-contractTypeCode,2762457,CORRIGER_CHAMP,7.0,contractTypeCode,WHX,JWN,DERIVE,"R_CONTRACT_TYPE — Niveau 2 : R_CONTRACT_TYPE [Mapping.xlsx › Mapping, lignes 24-40] attend 'JWN' (ligne de règle appliquée : SI PERM_IND=1 et FT_IND=1 et EMPTP_CD=""V"" --> Mettre ""JWN"") ; la destination contient 'WHX'. Aucune règle documentée n'explique l'écart.","Employe_Source_Anonymise_VF.xlsx ligne 8 ; Employe_Destination_Anonymise_VF.xlsx ligne 7 ; Mapping.xlsx › Mapping, lignes 24-40",PROPOSE,,
PR-C-2911996-S16-D15-contactEmail,C-2911996-S16-D15-contactEmail,2911996,CORRIGER_CHAMP,15.0,contactEmail,dev-08-v2_PNom10446446@loto-quebec.com,dev-08-v2_PNom2911996996@loto-quebec.com,DERIVE,"R_EMAIL — Niveau 2 : R_EMAIL [Mapping.xlsx › Mapping, lignes 4-6] attend 'PNom2911996996@loto-quebec.com' (initiale 'P' + nom 'Nom2911996' + '996' + '@loto-quebec.com' (accents retirés)) ; la destination contient 'dev-08-v2_PNom10446446@loto-quebec.com' (structure conforme à la règle (initiale + nom + 3 derniers chiffres du code), mais l'identifiant 'nom10446' ne correspond pas au Matricule/personID (attendu 'nom2911996') ; préfixe 'dev-08-v2_' ignoré ; profil caractéristique d'un artefact d'anonymisation). Aucune règle documentée n'explique l'écart.","Employe_Source_Anonymise_VF.xlsx ligne 16 ; Employe_Destination_Anonymise_VF.xlsx ligne 15 ; Mapping.xlsx › Mapping, lignes 4-6",PROPOSE,,
PR-C-2911996-S16-D15-positionName,C-2911996-S16-D15-positionName,2911996,CORRIGER_CHAMP,15.0,positionName,0449-Empl0449,6051-Empl6051,DERIVE,"R_CONCAT_POSITION — Niveau 2 : R_CONCAT_POSITION [Mapping.xlsx › Mapping, ligne 15] attend '6051-Empl6051' (CodeEmploi + '-' + IntituléEmploi) ; la destination contient '0449-Empl0449' (code et libellé différent(s) de la concaténation attendue). Aucune règle documentée n'explique l'écart.","Employe_Source_Anonymise_VF.xlsx ligne 16 ; Employe_Destination_Anonymise_VF.xlsx ligne 15 ; Mapping.xlsx › Mapping, ligne 15",PROPOSE,,
PR-C-2911996-S16-D15-weeklyHoursOverride,C-2911996-S16-D15-weeklyHoursOverride,2911996,CORRIGER_CHAMP,15.0,weeklyHoursOverride,40,35,CERTAIN,R_DIRECT — Niveau 1 : copie directe attendue (mapping N/A) mais HeuresNormeHebdo='35' ≠ weeklyHoursOverride='40' (valeur destination égale à heures_semaine_poste). Aucune règle documentée n'explique l'écart.,"Employe_Source_Anonymise_VF.xlsx ligne 16 ; Employe_Destination_Anonymise_VF.xlsx ligne 15 ; Mapping.xlsx › Mapping, ligne 51 ; détail_du_poste.xlsx (contexte) lignes 75",PROPOSE,,
PR-C-2911996-S16-D15-dailyHoursOverride,C-2911996-S16-D15-dailyHoursOverride,2911996,CORRIGER_CHAMP,15.0,dailyHoursOverride,8,7,CERTAIN,R_DIRECT — Niveau 1 : copie directe attendue (mapping N/A) mais HeuresNormeQuotidienne='7' ≠ dailyHoursOverride='8' (valeur destination égale à heures_jour_poste). Aucune règle documentée n'explique l'écart.,"Employe_Source_Anonymise_VF.xlsx ligne 16 ; Employe_Destination_Anonymise_VF.xlsx ligne 15 ; Mapping.xlsx › Mapping, ligne 52 ; détail_du_poste.xlsx (contexte) lignes 75",PROPOSE,,
PR-C-3241002-S14-D13-contactEmail,C-3241002-S14-D13-contactEmail,3241002,CORRIGER_CHAMP,13.0,contactEmail,dev-08-v2_PNom10434434@loto-quebec.com,dev-08-v2_PNom3241002002@loto-quebec.com,DERIVE,"R_EMAIL — Niveau 2 : R_EMAIL [Mapping.xlsx › Mapping, lignes 4-6] attend 'PNom3241002002@loto-quebec.com' (initiale 'P' + nom 'Nom3241002' + '002' + '@loto-quebec.com' (accents retirés)) ; la destination contient 'dev-08-v2_PNom10434434@loto-quebec.com' (structure conforme à la règle (initiale + nom + 3 derniers chiffres du code), mais l'identifiant 'nom10434' ne correspond pas au Matricule/personID (attendu 'nom3241002') ; préfixe 'dev-08-v2_' ignoré ; profil caractéristique d'un artefact d'anonymisation). Aucune règle documentée n'explique l'écart.","Employe_Source_Anonymise_VF.xlsx ligne 14 ; Employe_Destination_Anonymise_VF.xlsx ligne 13 ; Mapping.xlsx › Mapping, lignes 4-6",PROPOSE,,
PR-C-3241002-S14-D13-siteName,C-3241002-S14-D13-siteName,3241002,CORRIGER_CHAMP,13.0,siteName,Emplacement35,Emplacement48,CERTAIN,R_DIRECT — Niveau 1 : copie directe attendue (mapping N/A) mais LibelléSite='Emplacement48' ≠ siteName='Emplacement35'. Aucune règle documentée n'explique l'écart.,"Employe_Source_Anonymise_VF.xlsx ligne 14 ; Employe_Destination_Anonymise_VF.xlsx ligne 13 ; Mapping.xlsx › Mapping, ligne 9",PROPOSE,,
PR-C-3241002-S14-D13-positionName,C-3241002-S14-D13-positionName,3241002,CORRIGER_CHAMP,13.0,positionName,4367-Empl4367,6203-Empl6203,DERIVE,"R_CONCAT_POSITION — Niveau 2 : R_CONCAT_POSITION [Mapping.xlsx › Mapping, ligne 15] attend '6203-Empl6203' (CodeEmploi + '-' + IntituléEmploi) ; la destination contient '4367-Empl4367' (code et libellé différent(s) de la concaténation attendue). Aucune règle documentée n'explique l'écart.","Employe_Source_Anonymise_VF.xlsx ligne 14 ; Employe_Destination_Anonymise_VF.xlsx ligne 13 ; Mapping.xlsx › Mapping, ligne 15",PROPOSE,,
PR-C-3712987-S18-D17-contactEmail,C-3712987-S18-D17-contactEmail,3712987,CORRIGER_CHAMP,17.0,contactEmail,dev-08-v2_PNom10465465@loto-quebec.com,dev-08-v2_PNom3712987987@loto-quebec.com,DERIVE,"R_EMAIL — Niveau 2 : R_EMAIL [Mapping.xlsx › Mapping, lignes 4-6] attend 'PNom3712987987@loto-quebec.com' (initiale 'P' + nom 'Nom3712987' + '987' + '@loto-quebec.com' (accents retirés)) ; la destination contient 'dev-08-v2_PNom10465465@loto-quebec.com' (structure conforme à la règle (initiale + nom + 3 derniers chiffres du code), mais l'identifiant 'nom10465' ne correspond pas au Matricule/personID (attendu 'nom3712987') ; préfixe 'dev-08-v2_' ignoré ; profil caractéristique d'un artefact d'anonymisation). Aucune règle documentée n'explique l'écart.","Employe_Source_Anonymise_VF.xlsx ligne 18 ; Employe_Destination_Anonymise_VF.xlsx ligne 17 ; Mapping.xlsx › Mapping, lignes 4-6",PROPOSE,,
PR-C-3712987-S18-D17-positionName,C-3712987-S18-D17-positionName,3712987,CORRIGER_CHAMP,17.0,positionName,0485-Empl0485,6031-Empl6031,DERIVE,"R_CONCAT_POSITION — Niveau 2 : R_CONCAT_POSITION [Mapping.xlsx › Mapping, ligne 15] attend '6031-Empl6031' (CodeEmploi + '-' + IntituléEmploi) ; la destination contient '0485-Empl0485' (code et libellé différent(s) de la concaténation attendue). Aucune règle documentée n'explique l'écart.","Employe_Source_Anonymise_VF.xlsx ligne 18 ; Employe_Destination_Anonymise_VF.xlsx ligne 17 ; Mapping.xlsx › Mapping, ligne 15",PROPOSE,,
PR-C-3712987-S18-D17-contractTypeCode,C-3712987-S18-D17-contractTypeCode,3712987,CORRIGER_CHAMP,17.0,contractTypeCode,XFLR,JWN,DERIVE,"R_CONTRACT_TYPE — Niveau 2 : R_CONTRACT_TYPE [Mapping.xlsx › Mapping, lignes 24-40] attend 'JWN' (ligne de règle appliquée : SI PERM_IND=1 et FT_IND=1 et EMPTP_CD=""V"" --> Mettre ""JWN"") ; la destination contient 'XFLR'. Aucune règle documentée n'explique l'écart.","Employe_Source_Anonymise_VF.xlsx ligne 18 ; Employe_Destination_Anonymise_VF.xlsx ligne 17 ; Mapping.xlsx › Mapping, lignes 24-40",PROPOSE,,
PR-C-4402456-S17-D16-contactEmail,C-4402456-S17-D16-contactEmail,4402456,CORRIGER_CHAMP,16.0,contactEmail,dev-08-v2_PNom10460460@loto-quebec.com,dev-08-v2_PNom4402456456@loto-quebec.com,DERIVE,"R_EMAIL — Niveau 2 : R_EMAIL [Mapping.xlsx › Mapping, lignes 4-6] attend 'PNom4402456456@loto-quebec.com' (initiale 'P' + nom 'Nom4402456' + '456' + '@loto-quebec.com' (accents retirés)) ; la destination contient 'dev-08-v2_PNom10460460@loto-quebec.com' (structure conforme à la règle (initiale + nom + 3 derniers chiffres du code), mais l'identifiant 'nom10460' ne correspond pas au Matricule/personID (attendu 'nom4402456') ; préfixe 'dev-08-v2_' ignoré ; profil caractéristique d'un artefact d'anonymisation). Aucune règle documentée n'explique l'écart.","Employe_Source_Anonymise_VF.xlsx ligne 17 ; Employe_Destination_Anonymise_VF.xlsx ligne 16 ; Mapping.xlsx › Mapping, lignes 4-6",PROPOSE,,
PR-C-4402456-S17-D16-positionName,C-4402456-S17-D16-positionName,4402456,CORRIGER_CHAMP,16.0,positionName,0485-Empl0485,6031-Empl6031,DERIVE,"R_CONCAT_POSITION — Niveau 2 : R_CONCAT_POSITION [Mapping.xlsx › Mapping, ligne 15] attend '6031-Empl6031' (CodeEmploi + '-' + IntituléEmploi) ; la destination contient '0485-Empl0485' (code et libellé différent(s) de la concaténation attendue). Aucune règle documentée n'explique l'écart.","Employe_Source_Anonymise_VF.xlsx ligne 17 ; Employe_Destination_Anonymise_VF.xlsx ligne 16 ; Mapping.xlsx › Mapping, ligne 15",PROPOSE,,
PR-C-4402456-S17-D16-weeklyHoursOverride,C-4402456-S17-D16-weeklyHoursOverride,4402456,CORRIGER_CHAMP,16.0,weeklyHoursOverride,40,36,CERTAIN,R_DIRECT — Niveau 1 : copie directe attendue (mapping N/A) mais HeuresNormeHebdo='36' ≠ weeklyHoursOverride='40' (valeur destination égale à heures_semaine_poste). Aucune règle documentée n'explique l'écart.,"Employe_Source_Anonymise_VF.xlsx ligne 17 ; Employe_Destination_Anonymise_VF.xlsx ligne 16 ; Mapping.xlsx › Mapping, ligne 51 ; détail_du_poste.xlsx (contexte) lignes 80",PROPOSE,,
PR-C-4402456-S17-D16-dailyHoursOverride,C-4402456-S17-D16-dailyHoursOverride,4402456,CORRIGER_CHAMP,16.0,dailyHoursOverride,8,7.2,CERTAIN,R_DIRECT — Niveau 1 : copie directe attendue (mapping N/A) mais HeuresNormeQuotidienne='7.2' ≠ dailyHoursOverride='8' (valeur destination égale à heures_jour_poste). Aucune règle documentée n'explique l'écart.,"Employe_Source_Anonymise_VF.xlsx ligne 17 ; Employe_Destination_Anonymise_VF.xlsx ligne 16 ; Mapping.xlsx › Mapping, ligne 52 ; détail_du_poste.xlsx (contexte) lignes 80",PROPOSE,,
PR-C-4625374-S9-D8-contactEmail,C-4625374-S9-D8-contactEmail,4625374,CORRIGER_CHAMP,8.0,contactEmail,dev-08-v2_PNom10401401@loto-quebec.com,dev-08-v2_PNom4625374374@loto-quebec.com,DERIVE,"R_EMAIL — Niveau 2 : R_EMAIL [Mapping.xlsx › Mapping, lignes 4-6] attend 'PNom4625374374@loto-quebec.com' (initiale 'P' + nom 'Nom4625374' + '374' + '@loto-quebec.com' (accents retirés)) ; la destination contient 'dev-08-v2_PNom10401401@loto-quebec.com' (structure conforme à la règle (initiale + nom + 3 derniers chiffres du code), mais l'identifiant 'nom10401' ne correspond pas au Matricule/personID (attendu 'nom4625374') ; préfixe 'dev-08-v2_' ignoré ; profil caractéristique d'un artefact d'anonymisation). Aucune règle documentée n'explique l'écart.","Employe_Source_Anonymise_VF.xlsx ligne 9 ; Employe_Destination_Anonymise_VF.xlsx ligne 8 ; Mapping.xlsx › Mapping, lignes 4-6",PROPOSE,,
PR-C-4625374-S9-D8-positionName,C-4625374-S9-D8-positionName,4625374,CORRIGER_CHAMP,8.0,positionName,4367-Empl4367,6203-Empl6203,DERIVE,"R_CONCAT_POSITION — Niveau 2 : R_CONCAT_POSITION [Mapping.xlsx › Mapping, ligne 15] attend '6203-Empl6203' (CodeEmploi + '-' + IntituléEmploi) ; la destination contient '4367-Empl4367' (code et libellé différent(s) de la concaténation attendue). Aucune règle documentée n'explique l'écart.","Employe_Source_Anonymise_VF.xlsx ligne 9 ; Employe_Destination_Anonymise_VF.xlsx ligne 8 ; Mapping.xlsx › Mapping, ligne 15",PROPOSE,,
PR-C-4625374-S9-D8-contractTypeCode,C-4625374-S9-D8-contractTypeCode,4625374,CORRIGER_CHAMP,8.0,contractTypeCode,JWN,WHX,DERIVE,"R_CONTRACT_TYPE — Niveau 2 : R_CONTRACT_TYPE [Mapping.xlsx › Mapping, lignes 24-40] attend 'WHX' (ligne de règle appliquée : SI EMPTP_CD=""O"" (Occasionnel - Surnuméraire) --> Mettre ""WHX"") ; la destination contient 'JWN'. Aucune règle documentée n'explique l'écart.","Employe_Source_Anonymise_VF.xlsx ligne 9 ; Employe_Destination_Anonymise_VF.xlsx ligne 8 ; Mapping.xlsx › Mapping, lignes 24-40",PROPOSE,,
PR-C-4880692-S11-D10-contactEmail,C-4880692-S11-D10-contactEmail,4880692,CORRIGER_CHAMP,10.0,contactEmail,dev-08-v2_PNom10404404@loto-quebec.com,dev-08-v2_PNom4880692692@loto-quebec.com,DERIVE,"R_EMAIL — Niveau 2 : R_EMAIL [Mapping.xlsx › Mapping, lignes 4-6] attend 'PNom4880692692@loto-quebec.com' (initiale 'P' + nom 'Nom4880692' + '692' + '@loto-quebec.com' (accents retirés)) ; la destination contient 'dev-08-v2_PNom10404404@loto-quebec.com' (structure conforme à la règle (initiale + nom + 3 derniers chiffres du code), mais l'identifiant 'nom10404' ne correspond pas au Matricule/personID (attendu 'nom4880692') ; préfixe 'dev-08-v2_' ignoré ; profil caractéristique d'un artefact d'anonymisation). Aucune règle documentée n'explique l'écart.","Employe_Source_Anonymise_VF.xlsx ligne 11 ; Employe_Destination_Anonymise_VF.xlsx ligne 10 ; Mapping.xlsx › Mapping, lignes 4-6",PROPOSE,,
PR-C-4880692-S11-D10-positionName,C-4880692-S11-D10-positionName,4880692,CORRIGER_CHAMP,10.0,positionName,4367-Empl4367,6203-Empl6203,DERIVE,"R_CONCAT_POSITION — Niveau 2 : R_CONCAT_POSITION [Mapping.xlsx › Mapping, ligne 15] attend '6203-Empl6203' (CodeEmploi + '-' + IntituléEmploi) ; la destination contient '4367-Empl4367' (code et libellé différent(s) de la concaténation attendue). Aucune règle documentée n'explique l'écart.","Employe_Source_Anonymise_VF.xlsx ligne 11 ; Employe_Destination_Anonymise_VF.xlsx ligne 10 ; Mapping.xlsx › Mapping, ligne 15",PROPOSE,,
PR-C-6035643-S13-D12-contactEmail,C-6035643-S13-D12-contactEmail,6035643,CORRIGER_CHAMP,12.0,contactEmail,dev-08-v2_PNom10430430@loto-quebec.com,dev-08-v2_PNom6035643643@loto-quebec.com,DERIVE,"R_EMAIL — Niveau 2 : R_EMAIL [Mapping.xlsx › Mapping, lignes 4-6] attend 'PNom6035643643@loto-quebec.com' (initiale 'P' + nom 'Nom6035643' + '643' + '@loto-quebec.com' (accents retirés)) ; la destination contient 'dev-08-v2_PNom10430430@loto-quebec.com' (structure conforme à la règle (initiale + nom + 3 derniers chiffres du code), mais l'identifiant 'nom10430' ne correspond pas au Matricule/personID (attendu 'nom6035643') ; préfixe 'dev-08-v2_' ignoré ; profil caractéristique d'un artefact d'anonymisation). Aucune règle documentée n'explique l'écart.","Employe_Source_Anonymise_VF.xlsx ligne 13 ; Employe_Destination_Anonymise_VF.xlsx ligne 12 ; Mapping.xlsx › Mapping, lignes 4-6",PROPOSE,,
PR-C-6035643-S13-D12-siteName,C-6035643-S13-D12-siteName,6035643,CORRIGER_CHAMP,12.0,siteName,Emplacement48,Emplacement35,CERTAIN,R_DIRECT — Niveau 1 : copie directe attendue (mapping N/A) mais LibelléSite='Emplacement35' ≠ siteName='Emplacement48'. Aucune règle documentée n'explique l'écart.,"Employe_Source_Anonymise_VF.xlsx ligne 13 ; Employe_Destination_Anonymise_VF.xlsx ligne 12 ; Mapping.xlsx › Mapping, ligne 9",PROPOSE,,
PR-C-6035643-S13-D12-positionName,C-6035643-S13-D12-positionName,6035643,CORRIGER_CHAMP,12.0,positionName,4368-Empl4368,6622-Empl6622,DERIVE,"R_CONCAT_POSITION — Niveau 2 : R_CONCAT_POSITION [Mapping.xlsx › Mapping, ligne 15] attend '6622-Empl6622' (CodeEmploi + '-' + IntituléEmploi) ; la destination contient '4368-Empl4368' (code et libellé différent(s) de la concaténation attendue). Aucune règle documentée n'explique l'écart.","Employe_Source_Anonymise_VF.xlsx ligne 13 ; Employe_Destination_Anonymise_VF.xlsx ligne 12 ; Mapping.xlsx › Mapping, ligne 15",PROPOSE,,
PR-C-6783031-S7-D6-contactEmail,C-6783031-S7-D6-contactEmail,6783031,CORRIGER_CHAMP,6.0,contactEmail,dev-08-v2_PNom10389389@loto-quebec.com,dev-08-v2_PNom6783031031@loto-quebec.com,DERIVE,"R_EMAIL — Niveau 2 : R_EMAIL [Mapping.xlsx › Mapping, lignes 4-6] attend 'PNom6783031031@loto-quebec.com' (initiale 'P' + nom 'Nom6783031' + '031' + '@loto-quebec.com' (accents retirés)) ; la destination contient 'dev-08-v2_PNom10389389@loto-quebec.com' (structure conforme à la règle (initiale + nom + 3 derniers chiffres du code), mais l'identifiant 'nom10389' ne correspond pas au Matricule/personID (attendu 'nom6783031') ; préfixe 'dev-08-v2_' ignoré ; profil caractéristique d'un artefact d'anonymisation). Aucune règle documentée n'explique l'écart.","Employe_Source_Anonymise_VF.xlsx ligne 7 ; Employe_Destination_Anonymise_VF.xlsx ligne 6 ; Mapping.xlsx › Mapping, lignes 4-6",PROPOSE,,
PR-C-6783031-S7-D6-positionName,C-6783031-S7-D6-positionName,6783031,CORRIGER_CHAMP,6.0,positionName,4367-Empl4367,6203-Empl6203,DERIVE,"R_CONCAT_POSITION — Niveau 2 : R_CONCAT_POSITION [Mapping.xlsx › Mapping, ligne 15] attend '6203-Empl6203' (CodeEmploi + '-' + IntituléEmploi) ; la destination contient '4367-Empl4367' (code et libellé différent(s) de la concaténation attendue). Aucune règle documentée n'explique l'écart.","Employe_Source_Anonymise_VF.xlsx ligne 7 ; Employe_Destination_Anonymise_VF.xlsx ligne 6 ; Mapping.xlsx › Mapping, ligne 15",PROPOSE,,
PR-C-7070325-S12-D11-contactEmail,C-7070325-S12-D11-contactEmail,7070325,CORRIGER_CHAMP,11.0,contactEmail,dev-08-v2_PNom10428428@loto-quebec.com,dev-08-v2_PNom7070325325@loto-quebec.com,DERIVE,"R_EMAIL — Niveau 2 : R_EMAIL [Mapping.xlsx › Mapping, lignes 4-6] attend 'PNom7070325325@loto-quebec.com' (initiale 'P' + nom 'Nom7070325' + '325' + '@loto-quebec.com' (accents retirés)) ; la destination contient 'dev-08-v2_PNom10428428@loto-quebec.com' (structure conforme à la règle (initiale + nom + 3 derniers chiffres du code), mais l'identifiant 'nom10428' ne correspond pas au Matricule/personID (attendu 'nom7070325') ; préfixe 'dev-08-v2_' ignoré ; profil caractéristique d'un artefact d'anonymisation). Aucune règle documentée n'explique l'écart.","Employe_Source_Anonymise_VF.xlsx ligne 12 ; Employe_Destination_Anonymise_VF.xlsx ligne 11 ; Mapping.xlsx › Mapping, lignes 4-6",PROPOSE,,
PR-C-7070325-S12-D11-positionName,C-7070325-S12-D11-positionName,7070325,CORRIGER_CHAMP,11.0,positionName,4368-Empl4368,6622-Empl6622,DERIVE,"R_CONCAT_POSITION — Niveau 2 : R_CONCAT_POSITION [Mapping.xlsx › Mapping, ligne 15] attend '6622-Empl6622' (CodeEmploi + '-' + IntituléEmploi) ; la destination contient '4368-Empl4368' (code et libellé différent(s) de la concaténation attendue). Aucune règle documentée n'explique l'écart.","Employe_Source_Anonymise_VF.xlsx ligne 12 ; Employe_Destination_Anonymise_VF.xlsx ligne 11 ; Mapping.xlsx › Mapping, ligne 15",PROPOSE,,
PR-C-7254364-S19-D18-contactEmail,C-7254364-S19-D18-contactEmail,7254364,CORRIGER_CHAMP,18.0,contactEmail,dev-08-v2_PNom10466466@loto-quebec.com,dev-08-v2_PNom7254364364@loto-quebec.com,DERIVE,"R_EMAIL — Niveau 2 : R_EMAIL [Mapping.xlsx › Mapping, lignes 4-6] attend 'PNom7254364364@loto-quebec.com' (initiale 'P' + nom 'Nom7254364' + '364' + '@loto-quebec.com' (accents retirés)) ; la destination contient 'dev-08-v2_PNom10466466@loto-quebec.com' (structure conforme à la règle (initiale + nom + 3 derniers chiffres du code), mais l'identifiant 'nom10466' ne correspond pas au Matricule/personID (attendu 'nom7254364') ; préfixe 'dev-08-v2_' ignoré ; profil caractéristique d'un artefact d'anonymisation). Aucune règle documentée n'explique l'écart.","Employe_Source_Anonymise_VF.xlsx ligne 19 ; Employe_Destination_Anonymise_VF.xlsx ligne 18 ; Mapping.xlsx › Mapping, lignes 4-6",PROPOSE,,
PR-C-7254364-S19-D18-positionName,C-7254364-S19-D18-positionName,7254364,CORRIGER_CHAMP,18.0,positionName,0509-Empl0509,6754-Empl6754,DERIVE,"R_CONCAT_POSITION — Niveau 2 : R_CONCAT_POSITION [Mapping.xlsx › Mapping, ligne 15] attend '6754-Empl6754' (CodeEmploi + '-' + IntituléEmploi) ; la destination contient '0509-Empl0509' (code et libellé différent(s) de la concaténation attendue). Aucune règle documentée n'explique l'écart.","Employe_Source_Anonymise_VF.xlsx ligne 19 ; Employe_Destination_Anonymise_VF.xlsx ligne 18 ; Mapping.xlsx › Mapping, ligne 15",PROPOSE,,
PR-C-7254364-S19-D18-contractTypeCode,C-7254364-S19-D18-contractTypeCode,7254364,CORRIGER_CHAMP,18.0,contractTypeCode,JWN,XFLR,DERIVE,"R_CONTRACT_TYPE — Niveau 2 : R_CONTRACT_TYPE [Mapping.xlsx › Mapping, lignes 24-40] attend 'XFLR' (ligne de règle appliquée : SI PERM_IND=1 et FT_IND=0 et EMPTP_CD=""V"" --> Mettre ""XFLR"") ; la destination contient 'JWN'. Aucune règle documentée n'explique l'écart.","Employe_Source_Anonymise_VF.xlsx ligne 19 ; Employe_Destination_Anonymise_VF.xlsx ligne 18 ; Mapping.xlsx › Mapping, lignes 24-40",PROPOSE,,
PR-C-7603160-S6-D5-contactEmail,C-7603160-S6-D5-contactEmail,7603160,CORRIGER_CHAMP,5.0,contactEmail,dev-08-v2_PNom10385385@loto-quebec.com,dev-08-v2_PNom7603160160@loto-quebec.com,DERIVE,"R_EMAIL — Niveau 2 : R_EMAIL [Mapping.xlsx › Mapping, lignes 4-6] attend 'PNom7603160160@loto-quebec.com' (initiale 'P' + nom 'Nom7603160' + '160' + '@loto-quebec.com' (accents retirés)) ; la destination contient 'dev-08-v2_PNom10385385@loto-quebec.com' (structure conforme à la règle (initiale + nom + 3 derniers chiffres du code), mais l'identifiant 'nom10385' ne correspond pas au Matricule/personID (attendu 'nom7603160') ; préfixe 'dev-08-v2_' ignoré ; profil caractéristique d'un artefact d'anonymisation). Aucune règle documentée n'explique l'écart.","Employe_Source_Anonymise_VF.xlsx ligne 6 ; Employe_Destination_Anonymise_VF.xlsx ligne 5 ; Mapping.xlsx › Mapping, lignes 4-6",PROPOSE,,
PR-C-7603160-S6-D5-positionName,C-7603160-S6-D5-positionName,7603160,CORRIGER_CHAMP,5.0,positionName,4367-Empl4367,6203-Empl6203,DERIVE,"R_CONCAT_POSITION — Niveau 2 : R_CONCAT_POSITION [Mapping.xlsx › Mapping, ligne 15] attend '6203-Empl6203' (CodeEmploi + '-' + IntituléEmploi) ; la destination contient '4367-Empl4367' (code et libellé différent(s) de la concaténation attendue). Aucune règle documentée n'explique l'écart.","Employe_Source_Anonymise_VF.xlsx ligne 6 ; Employe_Destination_Anonymise_VF.xlsx ligne 5 ; Mapping.xlsx › Mapping, ligne 15",PROPOSE,,
PR-C-7683990-S22-D22-contactEmail,C-7683990-S22-D22-contactEmail,7683990,CORRIGER_CHAMP,22.0,contactEmail,dev-08-v2_PNom10477477@loto-quebec.com,dev-08-v2_PNom7683990990@loto-quebec.com,DERIVE,"R_EMAIL — Niveau 2 : R_EMAIL [Mapping.xlsx › Mapping, lignes 4-6] attend 'PNom7683990990@loto-quebec.com' (initiale 'P' + nom 'Nom7683990' + '990' + '@loto-quebec.com' (accents retirés)) ; la destination contient 'dev-08-v2_PNom10477477@loto-quebec.com' (structure conforme à la règle (initiale + nom + 3 derniers chiffres du code), mais l'identifiant 'nom10477' ne correspond pas au Matricule/personID (attendu 'nom7683990') ; préfixe 'dev-08-v2_' ignoré ; profil caractéristique d'un artefact d'anonymisation). Aucune règle documentée n'explique l'écart.","Employe_Source_Anonymise_VF.xlsx ligne 22 ; Employe_Destination_Anonymise_VF.xlsx ligne 22 ; Mapping.xlsx › Mapping, lignes 4-6",PROPOSE,,
PR-C-7683990-S22-D22-positionName,C-7683990-S22-D22-positionName,7683990,CORRIGER_CHAMP,22.0,positionName,4051-Empl4051,6725-Empl6725,DERIVE,"R_CONCAT_POSITION — Niveau 2 : R_CONCAT_POSITION [Mapping.xlsx › Mapping, ligne 15] attend '6725-Empl6725' (CodeEmploi + '-' + IntituléEmploi) ; la destination contient '4051-Empl4051' (code et libellé différent(s) de la concaténation attendue). Aucune règle documentée n'explique l'écart.","Employe_Source_Anonymise_VF.xlsx ligne 22 ; Employe_Destination_Anonymise_VF.xlsx ligne 22 ; Mapping.xlsx › Mapping, ligne 15",PROPOSE,,
PR-C-7683990-S22-D22-weeklyHoursOverride,C-7683990-S22-D22-weeklyHoursOverride,7683990,CORRIGER_CHAMP,22.0,weeklyHoursOverride,40,36,CERTAIN,R_DIRECT — Niveau 1 : copie directe attendue (mapping N/A) mais HeuresNormeHebdo='36' ≠ weeklyHoursOverride='40' (valeur destination égale à heures_semaine_poste). Aucune règle documentée n'explique l'écart.,"Employe_Source_Anonymise_VF.xlsx ligne 22 ; Employe_Destination_Anonymise_VF.xlsx ligne 22 ; Mapping.xlsx › Mapping, ligne 51 ; détail_du_poste.xlsx (contexte) lignes 105",PROPOSE,,
PR-C-7683990-S22-D22-dailyHoursOverride,C-7683990-S22-D22-dailyHoursOverride,7683990,CORRIGER_CHAMP,22.0,dailyHoursOverride,8,7.2,CERTAIN,R_DIRECT — Niveau 1 : copie directe attendue (mapping N/A) mais HeuresNormeQuotidienne='7.2' ≠ dailyHoursOverride='8' (valeur destination égale à heures_jour_poste). Aucune règle documentée n'explique l'écart.,"Employe_Source_Anonymise_VF.xlsx ligne 22 ; Employe_Destination_Anonymise_VF.xlsx ligne 22 ; Mapping.xlsx › Mapping, ligne 52 ; détail_du_poste.xlsx (contexte) lignes 105",PROPOSE,,
PR-C-7683990-S23-D23-contactEmail,C-7683990-S23-D23-contactEmail,7683990,CORRIGER_CHAMP,23.0,contactEmail,dev-08-v2_PNom10477477@loto-quebec.com,dev-08-v2_PNom7683990990@loto-quebec.com,DERIVE,"R_EMAIL — Niveau 2 : R_EMAIL [Mapping.xlsx › Mapping, lignes 4-6] attend 'PNom7683990990@loto-quebec.com' (initiale 'P' + nom 'Nom7683990' + '990' + '@loto-quebec.com' (accents retirés)) ; la destination contient 'dev-08-v2_PNom10477477@loto-quebec.com' (structure conforme à la règle (initiale + nom + 3 derniers chiffres du code), mais l'identifiant 'nom10477' ne correspond pas au Matricule/personID (attendu 'nom7683990') ; préfixe 'dev-08-v2_' ignoré ; profil caractéristique d'un artefact d'anonymisation). Aucune règle documentée n'explique l'écart.","Employe_Source_Anonymise_VF.xlsx ligne 23 ; Employe_Destination_Anonymise_VF.xlsx ligne 23 ; Mapping.xlsx › Mapping, lignes 4-6",PROPOSE,,
PR-C-7683990-S23-D23-positionName,C-7683990-S23-D23-positionName,7683990,CORRIGER_CHAMP,23.0,positionName,0509-Empl0509,6754-Empl6754,DERIVE,"R_CONCAT_POSITION — Niveau 2 : R_CONCAT_POSITION [Mapping.xlsx › Mapping, ligne 15] attend '6754-Empl6754' (CodeEmploi + '-' + IntituléEmploi) ; la destination contient '0509-Empl0509' (code et libellé différent(s) de la concaténation attendue). Aucune règle documentée n'explique l'écart.","Employe_Source_Anonymise_VF.xlsx ligne 23 ; Employe_Destination_Anonymise_VF.xlsx ligne 23 ; Mapping.xlsx › Mapping, ligne 15",PROPOSE,,
PR-C-7683990-S24-D21-contactEmail,C-7683990-S24-D21-contactEmail,7683990,CORRIGER_CHAMP,21.0,contactEmail,dev-08-v2_PNom10477477@loto-quebec.com,dev-08-v2_PNom7683990990@loto-quebec.com,DERIVE,"R_EMAIL — Niveau 2 : R_EMAIL [Mapping.xlsx › Mapping, lignes 4-6] attend 'PNom7683990990@loto-quebec.com' (initiale 'P' + nom 'Nom7683990' + '990' + '@loto-quebec.com' (accents retirés)) ; la destination contient 'dev-08-v2_PNom10477477@loto-quebec.com' (structure conforme à la règle (initiale + nom + 3 derniers chiffres du code), mais l'identifiant 'nom10477' ne correspond pas au Matricule/personID (attendu 'nom7683990') ; préfixe 'dev-08-v2_' ignoré ; profil caractéristique d'un artefact d'anonymisation). Aucune règle documentée n'explique l'écart.","Employe_Source_Anonymise_VF.xlsx ligne 24 ; Employe_Destination_Anonymise_VF.xlsx ligne 21 ; Mapping.xlsx › Mapping, lignes 4-6",PROPOSE,,
PR-C-7683990-S24-D21-positionName,C-7683990-S24-D21-positionName,7683990,CORRIGER_CHAMP,21.0,positionName,0485-Empl0485,6031-Empl6031,DERIVE,"R_CONCAT_POSITION — Niveau 2 : R_CONCAT_POSITION [Mapping.xlsx › Mapping, ligne 15] attend '6031-Empl6031' (CodeEmploi + '-' + IntituléEmploi) ; la destination contient '0485-Empl0485' (code et libellé différent(s) de la concaténation attendue). Aucune règle documentée n'explique l'écart.","Employe_Source_Anonymise_VF.xlsx ligne 24 ; Employe_Destination_Anonymise_VF.xlsx ligne 21 ; Mapping.xlsx › Mapping, ligne 15",PROPOSE,,
PR-C-8142123-S5-D4-contactEmail,C-8142123-S5-D4-contactEmail,8142123,CORRIGER_CHAMP,4.0,contactEmail,dev-08-v2_PNom10380380@loto-quebec.com,dev-08-v2_PNom8142123123@loto-quebec.com,DERIVE,"R_EMAIL — Niveau 2 : R_EMAIL [Mapping.xlsx › Mapping, lignes 4-6] attend 'PNom8142123123@loto-quebec.com' (initiale 'P' + nom 'Nom8142123' + '123' + '@loto-quebec.com' (accents retirés)) ; la destination contient 'dev-08-v2_PNom10380380@loto-quebec.com' (structure conforme à la règle (initiale + nom + 3 derniers chiffres du code), mais l'identifiant 'nom10380' ne correspond pas au Matricule/personID (attendu 'nom8142123') ; préfixe 'dev-08-v2_' ignoré ; profil caractéristique d'un artefact d'anonymisation). Aucune règle documentée n'explique l'écart.","Employe_Source_Anonymise_VF.xlsx ligne 5 ; Employe_Destination_Anonymise_VF.xlsx ligne 4 ; Mapping.xlsx › Mapping, lignes 4-6",PROPOSE,,
PR-C-8142123-S5-D4-positionName,C-8142123-S5-D4-positionName,8142123,CORRIGER_CHAMP,4.0,positionName,4367-Empl4367,6203-Empl6203,DERIVE,"R_CONCAT_POSITION — Niveau 2 : R_CONCAT_POSITION [Mapping.xlsx › Mapping, ligne 15] attend '6203-Empl6203' (CodeEmploi + '-' + IntituléEmploi) ; la destination contient '4367-Empl4367' (code et libellé différent(s) de la concaténation attendue). Aucune règle documentée n'explique l'écart.","Employe_Source_Anonymise_VF.xlsx ligne 5 ; Employe_Destination_Anonymise_VF.xlsx ligne 4 ; Mapping.xlsx › Mapping, ligne 15",PROPOSE,,
PR-C-8644330-S21-D20-contactEmail,C-8644330-S21-D20-contactEmail,8644330,CORRIGER_CHAMP,20.0,contactEmail,dev-08-v2_PNom10473473@loto-quebec.com,dev-08-v2_PNom8644330330@loto-quebec.com,DERIVE,"R_EMAIL — Niveau 2 : R_EMAIL [Mapping.xlsx › Mapping, lignes 4-6] attend 'PNom8644330330@loto-quebec.com' (initiale 'P' + nom 'Nom8644330' + '330' + '@loto-quebec.com' (accents retirés)) ; la destination contient 'dev-08-v2_PNom10473473@loto-quebec.com' (structure conforme à la règle (initiale + nom + 3 derniers chiffres du code), mais l'identifiant 'nom10473' ne correspond pas au Matricule/personID (attendu 'nom8644330') ; préfixe 'dev-08-v2_' ignoré ; profil caractéristique d'un artefact d'anonymisation). Aucune règle documentée n'explique l'écart.","Employe_Source_Anonymise_VF.xlsx ligne 21 ; Employe_Destination_Anonymise_VF.xlsx ligne 20 ; Mapping.xlsx › Mapping, lignes 4-6",PROPOSE,,
PR-C-8644330-S21-D20-positionName,C-8644330-S21-D20-positionName,8644330,CORRIGER_CHAMP,20.0,positionName,0485-Empl0485,6031-Empl6031,DERIVE,"R_CONCAT_POSITION — Niveau 2 : R_CONCAT_POSITION [Mapping.xlsx › Mapping, ligne 15] attend '6031-Empl6031' (CodeEmploi + '-' + IntituléEmploi) ; la destination contient '0485-Empl0485' (code et libellé différent(s) de la concaténation attendue). Aucune règle documentée n'explique l'écart.","Employe_Source_Anonymise_VF.xlsx ligne 21 ; Employe_Destination_Anonymise_VF.xlsx ligne 20 ; Mapping.xlsx › Mapping, ligne 15",PROPOSE,,
PR-C-9989151-S4-D3-contactEmail,C-9989151-S4-D3-contactEmail,9989151,CORRIGER_CHAMP,3.0,contactEmail,dev-08-v2_PNom10372372@loto-quebec.com,dev-08-v2_PNom9989151151@loto-quebec.com,DERIVE,"R_EMAIL — Niveau 2 : R_EMAIL [Mapping.xlsx › Mapping, lignes 4-6] attend 'PNom9989151151@loto-quebec.com' (initiale 'P' + nom 'Nom9989151' + '151' + '@loto-quebec.com' (accents retirés)) ; la destination contient 'dev-08-v2_PNom10372372@loto-quebec.com' (structure conforme à la règle (initiale + nom + 3 derniers chiffres du code), mais l'identifiant 'nom10372' ne correspond pas au Matricule/personID (attendu 'nom9989151') ; préfixe 'dev-08-v2_' ignoré ; profil caractéristique d'un artefact d'anonymisation). Aucune règle documentée n'explique l'écart.","Employe_Source_Anonymise_VF.xlsx ligne 4 ; Employe_Destination_Anonymise_VF.xlsx ligne 3 ; Mapping.xlsx › Mapping, lignes 4-6",PROPOSE,,
PR-C-9989151-S4-D3-positionName,C-9989151-S4-D3-positionName,9989151,CORRIGER_CHAMP,3.0,positionName,4367-Empl4367,6203-Empl6203,DERIVE,"R_CONCAT_POSITION — Niveau 2 : R_CONCAT_POSITION [Mapping.xlsx › Mapping, ligne 15] attend '6203-Empl6203' (CodeEmploi + '-' + IntituléEmploi) ; la destination contient '4367-Empl4367' (code et libellé différent(s) de la concaténation attendue). Aucune règle documentée n'explique l'écart.","Employe_Source_Anonymise_VF.xlsx ligne 4 ; Employe_Destination_Anonymise_VF.xlsx ligne 3 ; Mapping.xlsx › Mapping, ligne 15",PROPOSE,,
