ambiguity_id,champ,statut,description,interpretation_retenue,statistiques,enregistrements_concernes,type
AMB-01,assignmentStartDate,RÉSOLUE (2026-10-04),"Libellé du mapping : 'date la plus ancienne' entre la date d'effet de l'unité adm. (détection du changement de valeur vs l'enregistrement précédent, sinon MIN EFFDT) et la date d'effet du poste. Lu strictement (changement du seul code d'unité + MIN), il ne reproduit pas la destination.","MAX(DateEntréePoste, date d'effet de l'enregistrement courant du détail du poste, i.e. dernier enregistrement différent du précédent ; sinon MIN EFFDT). Clarification officielle : Les écarts de date des employés 9989151, 3241002 et 4402456 sont voulus : la source ne contient que la date d'effet du poste, la destination applique la transformation documentée avec l'historique du détail du poste.","transformation reproduite : 22/22 lignes destination (3 différentes de la date source, dont 9989151, 3241002, 4402456) ; lecture littérale MIN : 0/22",3.0,dynamique (calculée sur les données)
AMB-02,detailedStatus / statusReasonCode / expectedReturnDate,hypothèse retenue (non confirmée),"La feuille 'Règles situation d'emploi' nomme ses colonnes cf_specificStatus, cf_CAD, cf_CADP sans les relier explicitement aux champs destination.","Association retenue : cf_specificStatus→detailedStatus, cf_CAD→statusReasonCode, cf_CADP→expectedReturnDate (cohérente avec les valeurs observées).",,,documentation
AMB-03,detailedStatus,hypothèse retenue (non confirmée),"Le code de situation peut provenir de CodeSuspensionAccès (= 'Code de traitement des accès' selon la feuille de jointure), de CodeStatutEmploi (listé au mapping) ou du CodeGestionAccès du motif.",CodeSuspensionAccès est utilisé ; CodeStatutEmploi et le motif servent de contre-vérification. Tout conflit → A_INVESTIGUER.,,,documentation
AMB-04,detailedStatus,hypothèse retenue (non confirmée),"La description mentionne 'actif / cessation / absence complète' mais la table ne définit que les codes 00-01 et 02,03,06,07.",Tout autre code d'accès est non documenté → A_INVESTIGUER (aucune règle inventée).,,,documentation
AMB-05,statusReasonCode,hypothèse retenue (non confirmée),DateEffetRaison est listée comme source de statusReasonCode mais aucune règle ne l'utilise.,Conservée comme valeur contextuelle dans la preuve uniquement.,,,documentation
AMB-06,Motifs,hypothèse retenue (non confirmée),"Les colonnes du fichier motifs (CodeCatégorieStatut, CodeStatutSystèmeExterne, CodeGestionAccès) ne portent pas les noms de la feuille 'Jointure - Motif des situations'.","Correspondance par position : code situation ↔ CodeRaisonStatut, code Remphor, code de traitement des accès.",,,documentation
AMB-07,contractTypeCode,hypothèse retenue (non confirmée),"La règle utilise EMPTP_CD, la colonne B indique EMPT_CD, l'extraction contient CatégorieEmploi ; la combinaison EMPTP_CD='V' avec PERM_IND=0 n'est pas couverte.",Alias EMPT_CD/EMPTP_CD = CatégorieEmploi ; Oui/Non = 1/0 ; combinaison non couverte → A_INVESTIGUER.,,,documentation
AMB-08,isPrimaryAssignment / isTemporaryAssignment,hypothèse retenue (non confirmée),La règle parle de role_term_1_primary / role_term_1_temporary.,Interprétés comme isPrimaryAssignment / isTemporaryAssignment.,,,documentation
AMB-09,contactEmail,RÉSOLUE (2026-10-04),Le champ source 'Adresse courriel travail' n'existe pas dans l'extraction ; la destination porte un préfixe d'environnement et un identifiant anonymisé.,"Clarification officielle : code = Matricule/personID ; préfixe 'xxx_' autorisé et ignoré ; identifiant divergent = erreur d'anonymisation → ANOMALIE, regroupée en un seul problème systémique (cause connue).",,,documentation
AMB-10,divisionName / positionName,hypothèse retenue (non confirmée),La concaténation ne précise pas le formatage du code (la destination montre '00397').,Zéros non significatifs ignorés (différence de format).,,,documentation
AMB-11,termEndDate,hypothèse retenue (non confirmée),Décrit comme 'Date d'effet du détail du poste' mais la règle est identique à assignmentEndDate.,Même règle appliquée que pour assignmentEndDate.,,,documentation
AMB-12,positionName,RÉSOLUE (2026-10-04),La destination suit une substitution de code cohérente non décrite par le mapping (22/22 lignes) : anonymisation ou erreur ?,"Clarification officielle : erreur réelle → ANOMALIE, regroupée en un seul problème systémique.",,,documentation
